Id,Nombre,Apellido,Direccion,Telefono,Email,DNI
1,Constancy,Varah,Lunder,7672471191,cvarah0@flavors.me,77697156
2,Forrester,Jozef,Anniversary,4727298778,fjozef1@github.io,16104027
3,Mattias,Meanwell,Express,6422101662,mmeanwell2@g.co,88608877
4,Deonne,Burke,Fieldstone,6416994820,dburke3@fastcompany.com,44795611
5,Salomon,Tonner,Merry,3374925296,stonner4@google.co.uk,00030458
6,Ardath,Braysher,Northland,7579398745,abraysher5@ezinearticles.com,53324780
7,Gale,Brennan,Northridge,1816511710,gbrennan6@goo.ne.jp,04999052
8,Wernher,Yanukhin,Brentwood,8524900428,wyanukhin7@blogger.com,01230316
9,Bob,Semble,Vermont,5138586564,bsemble8@tmall.com,72226876
10,Lebbie,Brandsen,Spenser,3259893140,lbrandsen9@privacy.gov.au,68193462
11,Tybi,Dulling,Scott,6836121312,tdullinga@lulu.com,19726371
12,Leigha,Gallone,Elmside,4804242244,lgalloneb@istockphoto.com,34327756
13,Chiquia,Borrowman,Emmet,2673372089,cborrowmanc@yahoo.co.jp,06429082
14,Ruthann,Ellingsworth,Debs,7009987060,rellingsworthd@yellowpages.com,25395851
15,Thaine,Cuddehay,Brentwood,5938954732,tcuddehaye@fotki.com,91787705
16,Merci,Pattington,Gateway,4343235565,mpattingtonf@facebook.com,15766158
17,Vincent,Gonzalvo,Emmet,5024437898,vgonzalvog@dyndns.org,30830100
18,Martie,O' Mullane,Boyd,3068854523,momullaneh@hc360.com,11961442
19,Marlow,Bridie,Sherman,9541354283,mbridiei@ihg.com,35674576
20,Kordula,McIlwraith,Jenna,3671799242,kmcilwraithj@netscape.com,40013369
21,Corrinne,Bearblock,Jenna,5674750987,cbearblockk@mapy.cz,74166438
22,Patrizia,Forson,Carey,2436426005,pforsonl@gizmodo.com,11086057
23,Ranna,Bonick,Green,5394436740,rbonickm@imageshack.us,64972436
24,Curtis,Crottagh,New Castle,9146470862,ccrottaghn@seattletimes.com,02118444
25,Caddric,Ridgwell,Goodland,3993854058,cridgwello@mapy.cz,14900390
26,Kaylil,Lindborg,Muir,6611454387,klindborgp@rambler.ru,08418058
27,Mariellen,Gravet,Burrows,4431598398,mgravetq@sogou.com,55783412
28,Dona,McAllister,Dottie,2426576482,dmcallisterr@nydailynews.com,19074685
29,Pat,Abbey,Stephen,5563946845,pabbeys@weibo.com,48333793
30,Isiahi,Biasioli,Towne,5545186901,ibiasiolit@mit.edu,55662246
31,Licha,Masters,American,7164106658,lmastersu@nps.gov,73116569
32,Annabella,Calender,Kropf,4728371333,acalenderv@dailymotion.com,43079877
33,Marion,Gerlts,Steensland,1125225608,mgerltsw@constantcontact.com,78537916
34,Cris,Dellit,Hooker,5217170674,cdellitx@cdbaby.com,21242458
35,Rosaleen,Gossington,Vernon,5419408241,rgossingtony@purevolume.com,33276198
36,Conrado,Smale,Golden Leaf,4351168957,csmalez@psu.edu,35437907
37,Reube,Hagland,Larry,5038392328,rhagland10@shareasale.com,48191618
38,Alene,Boulger,Mifflin,5191196852,aboulger11@ebay.co.uk,18824658
39,Gal,Blune,Sommers,4335425972,gblune12@spiegel.de,29522606
40,Cele,Fernier,Pepper Wood,6769585690,cfernier13@bluehost.com,66550104
41,Casey,Berntssen,Waywood,6115173363,cberntssen14@barnesandnoble.com,49328128
42,Cate,Stockley,Maywood,8927869989,cstockley15@networksolutions.com,16039837
43,Minny,Lambertini,Nevada,2823825718,mlambertini16@trellian.com,32833315
44,Gretal,Mitchenson,Algoma,6179652012,gmitchenson17@webeden.co.uk,70601748
45,Maureene,Annott,Birchwood,4171423412,mannott18@joomla.org,11777805
46,Belinda,Fillgate,Moulton,3034122751,bfillgate19@yellowpages.com,35633109
47,Ivy,Dumbrall,Shopko,2161109658,idumbrall1a@nature.com,36312771
48,Candi,Jahns,Bellgrove,5187059524,cjahns1b@elegantthemes.com,25052629
49,Crystal,Eake,West,6711309895,ceake1c@yelp.com,43504917
50,Alberto,Duxfield,Westend,8703782849,aduxfield1d@businessinsider.com,33314013
51,Violet,Sier,Twin Pines,3821791080,vsier1e@ebay.com,24936496
52,Lindy,Kabos,Blackbird,8566288477,lkabos1f@wikipedia.org,11735984
53,Udale,Bugge,John Wall,7081060036,ubugge1g@usa.gov,07439606
54,Hildy,Petyankin,Haas,8972060889,hpetyankin1h@yellowpages.com,70871656
55,Myrna,Laurent,Maple Wood,6126802685,mlaurent1i@xrea.com,01480816
56,Maryann,Larderot,Melrose,2578629516,mlarderot1j@bbc.co.uk,30120774
57,De,Ethelstone,Birchwood,6631869139,dethelstone1k@mapy.cz,26702830
58,Morgana,Matthewes,Redwing,6172712831,mmatthewes1l@deliciousdays.com,21356247
59,May,Brockhouse,Cody,4599734734,mbrockhouse1m@ebay.co.uk,72385724
60,Wain,Heindle,Drewry,6225621964,wheindle1n@friendfeed.com,37504345
61,Isidor,McDonand,Northview,5346809466,imcdonand1o@fema.gov,88511693
62,Roch,Burwell,Moose,8587473814,rburwell1p@yandex.ru,23572869
63,Birdie,Ingleby,Donald,2225989444,bingleby1q@joomla.org,02035749
64,Sullivan,Scullin,Reinke,1982475377,sscullin1r@wiley.com,48140808
65,Ainslee,Lewins,Merry,5025000011,alewins1s@fc2.com,36694628
66,Haze,Sherburn,Rowland,8834258703,hsherburn1t@ed.gov,14803009
67,Lauri,Balmforth,Johnson,6142114338,lbalmforth1u@archive.org,51554901
68,Nealy,Sancraft,Sunfield,7674762088,nsancraft1v@google.co.uk,38324182
69,Brittaney,Middlemass,Hoard,1075180694,bmiddlemass1w@newyorker.com,01871096
70,Ferdinanda,Perring,Springs,8056620627,fperring1x@economist.com,18820521
71,Shelly,Minghi,Chinook,9908891893,sminghi1y@github.com,16642040
72,Frederico,Duncombe,Nova,5424241439,fduncombe1z@wikia.com,26362506
73,Niko,Dudderidge,Clove,5544534231,ndudderidge20@canalblog.com,76718120
74,Liane,Cant,Elka,8953753925,lcant21@cnbc.com,59903061
75,Godfrey,Greste,Gerald,1327634040,ggreste22@nifty.com,57083949
76,Yetta,Greenrde,Donald,7543191505,ygreenrde23@fastcompany.com,82119292
77,Cory,Dumphries,Cordelia,7945918270,cdumphries24@imgur.com,81873068
78,Bud,Dutchburn,Dixon,5605356553,bdutchburn25@paypal.com,02635727
79,Bowie,Levesley,Badeau,4492492718,blevesley26@google.cn,84465643
80,Wittie,Dinley,Tennyson,4533460470,wdinley27@sourceforge.net,59841233
81,Erich,Pearson,Westend,2445929463,epearson28@seesaa.net,45965714
82,Desdemona,Besnardeau,School,6823644291,dbesnardeau29@businesswire.com,26082036
83,Corny,Gillcrist,Dennis,8661290492,cgillcrist2a@yahoo.co.jp,35467075
84,Forest,Beldum,Duke,9251686032,fbeldum2b@pcworld.com,45407873
85,Lanette,Balnave,Eagle Crest,6874342270,lbalnave2c@paypal.com,10167798
86,Kamillah,Bourner,Mosinee,3734270332,kbourner2d@admin.ch,04265948
87,Ramsey,Duffy,Hauk,3293271753,rduffy2e@prlog.org,60661080
88,Luisa,Issatt,Cambridge,9107423628,lissatt2f@uiuc.edu,02224726
89,Bret,Stopp,Hermina,7036870878,bstopp2g@ca.gov,97871824
90,Dee,Tomankiewicz,Granby,2225014757,dtomankiewicz2h@economist.com,14765000
91,Patrica,Steddall,Lighthouse Bay,7751828311,psteddall2i@xing.com,68044466
92,Reggis,Puller,Canary,1568954897,rpuller2j@godaddy.com,09843055
93,Cleopatra,Cathie,Stephen,2584315510,ccathie2k@hud.gov,10899890
94,Jeffy,Fitzsimon,Crowley,3507216029,jfitzsimon2l@mtv.com,90437737
95,Jerry,Mifflin,Farmco,6674502813,jmifflin2m@xing.com,26453349
96,Jacky,Gillbey,Stephen,2106580884,jgillbey2n@oakley.com,50819487
97,Vail,Berntsson,Summit,4854349177,vberntsson2o@webmd.com,61887350
98,Dale,Richardes,Heath,3817542138,drichardes2p@biglobe.ne.jp,79899450
99,Dallas,Poundsford,Hooker,5152886079,dpoundsford2q@dmoz.org,16557798
100,Norman,Aspel,Claremont,8138283809,naspel2r@webmd.com,42010482
101,Tiler,McArthur,Reindahl,7275080081,tmcarthur2s@boston.com,47427854
102,Robinett,Secker,School,8953892230,rsecker2t@google.com.hk,56628522
103,Jonathon,Duerden,Barby,6207948337,jduerden2u@sohu.com,77382532
104,Ludovico,Shead,High Crossing,6649986687,lshead2v@live.com,98397525
105,Sammy,Itscovitz,Atwood,2876149567,sitscovitz2w@google.de,62952975
106,Barry,Kyrkeman,Graceland,9642018548,bkyrkeman2x@blogger.com,30425145
107,Guy,Ollington,Chive,3749043760,gollington2y@aboutads.info,38649497
108,Charlotta,Frere,Prairie Rose,6041540836,cfrere2z@ow.ly,46893605
109,Elysee,Sansbury,Towne,8074301680,esansbury30@histats.com,14346089
110,Mitchel,Bruinsma,Steensland,3897230760,mbruinsma31@seattletimes.com,72730139
111,Cassius,Gauche,Victoria,3597447464,cgauche32@yellowbook.com,75915335
112,Bridgette,Vettore,Scott,6475367770,bvettore33@weebly.com,39150647
113,Elfie,Duckhouse,Northview,4057152736,educkhouse34@youku.com,22546878
114,Simon,Skellon,Forest Run,8737436198,sskellon35@google.ca,86527414
115,Ware,Rojas,Pepper Wood,3337889136,wrojas36@livejournal.com,40438091
116,Krishna,Bryning,Barnett,1129184831,kbryning37@about.me,00532993
117,Marybeth,Gracewood,Dahle,2785338703,mgracewood38@tinyurl.com,45328434
118,Frankie,Fenners,Duke,5556354551,ffenners39@squidoo.com,87128922
119,Olga,Linstead,Emmet,7192182431,olinstead3a@amazonaws.com,57601819
120,Nils,Klimsch,Vermont,5442263671,nklimsch3b@uol.com.br,83595845
121,Aharon,Sherebrooke,Mayer,7064042796,asherebrooke3c@twitpic.com,23287664
122,Garreth,Rengger,Esker,8561218057,grengger3d@si.edu,89213396
123,Marieann,Corbridge,Warrior,8218102715,mcorbridge3e@slashdot.org,78294289
124,Rasia,Wyllt,Mcbride,6193370165,rwyllt3f@miitbeian.gov.cn,61179350
125,Jazmin,Dow,Truax,2261869053,jdow3g@reddit.com,21037506
126,Adam,Meriott,Portage,5089503987,ameriott3h@technorati.com,35858235
127,Murielle,Bernth,Morrow,1652654131,mbernth3i@guardian.co.uk,88361798
128,Merell,Briars,7th,6417188537,mbriars3j@shareasale.com,28744847
129,Wandis,Milesop,Fairview,1235338357,wmilesop3k@senate.gov,06086160
130,Astrid,Ceresa,Becker,6038362406,aceresa3l@blogger.com,68863509
131,Libbi,Tallant,Oneill,9928636399,ltallant3m@hp.com,85892962
132,Bobinette,Bes,Delaware,3017360021,bbes3n@va.gov,40928285
133,Byran,Foulcher,Merchant,3304580366,bfoulcher3o@infoseek.co.jp,10515256
134,Janna,Godfray,Gulseth,8167041329,jgodfray3p@cafepress.com,54076183
135,Egan,Beggin,Summit,8172060826,ebeggin3q@shutterfly.com,57173053
136,Nikos,Duggan,East,3994901182,nduggan3r@twitter.com,22823073
137,Oates,Freear,Division,2179875022,ofreear3s@skyrock.com,37419924
138,Annnora,Wetherhead,Tony,6244956457,awetherhead3t@hhs.gov,64959766
139,Bernadine,Ceci,Blackbird,3927123396,bceci3u@senate.gov,50490525
140,Debera,Toffanini,Cascade,2819616220,dtoffanini3v@uol.com.br,88594451
141,Lorenzo,Kermath,Northwestern,2351586435,lkermath3w@bluehost.com,29864327
142,Levon,Dallewater,6th,3377932331,ldallewater3x@accuweather.com,32693367
143,Salome,Gjerde,Stone Corner,4617238357,sgjerde3y@cdc.gov,05600485
144,Nathanial,Axelby,Randy,6867008342,naxelby3z@is.gd,27976108
145,Hurleigh,Guice,Birchwood,4577613215,hguice40@state.gov,46959244
146,Odele,Bulbrook,Westend,1832324179,obulbrook41@slashdot.org,33826749
147,Marysa,Ponter,Lien,2817379325,mponter42@irs.gov,72052080
148,Mallory,Antyshev,Cherokee,9502570401,mantyshev43@miibeian.gov.cn,54934045
149,Perren,Poyzer,Towne,9754501531,ppoyzer44@scientificamerican.com,33153851
150,Sonny,Gawke,Dahle,9353515701,sgawke45@hubpages.com,63491691
151,Lolly,Looks,Westport,1959532991,llooks46@i2i.jp,53223462
152,Layne,Bidnall,Delaware,3264166878,lbidnall47@marketwatch.com,71931447
153,Markus,Moneypenny,Lerdahl,1886735508,mmoneypenny48@salon.com,79509095
154,Marie-ann,Longbone,Dunning,8709449819,mlongbone49@blogspot.com,09412977
155,Brandy,Agirre,Washington,8566400116,bagirre4a@ameblo.jp,08028266
156,Davina,Tagg,Mallory,7694514378,dtagg4b@vkontakte.ru,82264587
157,Bernardine,Cleverly,Thompson,2114004300,bcleverly4c@wufoo.com,46820365
158,Andres,Jiggen,4th,7592704808,ajiggen4d@fastcompany.com,43594258
159,Ilse,Tenny,Crest Line,2341005084,itenny4e@hubpages.com,81844557
160,Angeli,Basant,Scott,6233396493,abasant4f@buzzfeed.com,31290336
161,Lizabeth,Stanworth,Farwell,1457279522,lstanworth4g@google.fr,97879454
162,Sharl,Deftie,Stuart,5686536945,sdeftie4h@php.net,01091446
163,Judith,Galliford,Killdeer,9762806299,jgalliford4i@dion.ne.jp,13182340
164,Kim,Moiser,Stephen,3937440498,kmoiser4j@parallels.com,58633225
165,Oswald,Windle,Summerview,6942823952,owindle4k@wired.com,60747484
166,Florentia,Gregson,Lukken,3067640182,fgregson4l@rediff.com,81962196
167,Alfons,Drage,Jenna,4266668924,adrage4m@boston.com,04712247
168,Mamie,Le Fevre,Mifflin,3844671119,mlefevre4n@xinhuanet.com,71736729
169,Stafford,Vivyan,Macpherson,1643628404,svivyan4o@ihg.com,98404352
170,Tammie,Bloan,Coolidge,9549859135,tbloan4p@1und1.de,86623867
171,Ring,Dufaire,Westend,5776726752,rdufaire4q@ucoz.com,36582288
172,Fairlie,Waggett,Mandrake,5135619270,fwaggett4r@skype.com,34631141
173,Erwin,Sherreard,Mallard,1912323511,esherreard4s@privacy.gov.au,20974066
174,Hana,Harbron,Onsgard,1089078653,hharbron4t@scribd.com,69154284
175,Bette-ann,Egar,Talmadge,2604574728,begar4u@census.gov,33269185
176,Hesther,Banat,Duke,5001507944,hbanat4v@goodreads.com,21611376
177,Mel,Sliman,Tennyson,3601384597,msliman4w@skype.com,05235788
178,Earvin,Airs,Shoshone,7126156967,eairs4x@wisc.edu,37423201
179,Arabela,Bullingham,Troy,1542216020,abullingham4y@mozilla.com,67007786
180,Caddric,Durrance,Hagan,8442778110,cdurrance4z@rakuten.co.jp,89869047
181,Prent,Knighton,Melvin,1168873206,pknighton50@weather.com,79206993
182,Tony,Vigar,Mandrake,3199173085,tvigar51@deviantart.com,91599354
183,Doralin,Baines,Havey,7553894489,dbaines52@purevolume.com,17647197
184,Imogene,Abramin,Carberry,9933199809,iabramin53@lycos.com,85407294
185,Mylo,Pethybridge,Brentwood,4616633259,mpethybridge54@mashable.com,28149680
186,Elliott,Chillistone,Mcbride,6914095170,echillistone55@google.ru,01365686
187,Marianne,Grass,Weeping Birch,5043452686,mgrass56@jugem.jp,35003762
188,Bernelle,Chotty,Norway Maple,2617014171,bchotty57@discovery.com,10555479
189,Gav,Cadell,Anzinger,6478606717,gcadell58@nba.com,87957357
190,Juliana,Tenny,Havey,4789073467,jtenny59@europa.eu,82976552
191,Koenraad,Alyukin,Fisk,2429959572,kalyukin5a@globo.com,47937774
192,Zeke,Grix,Jana,2231276228,zgrix5b@economist.com,43133423
193,Gawain,McTeer,Clove,7752205619,gmcteer5c@nydailynews.com,38237939
194,Lia,Rooper,Ilene,7673849280,lrooper5d@shareasale.com,27263546
195,Opal,McBryde,American,7015486851,omcbryde5e@over-blog.com,68766313
196,Hillyer,Moretto,Sunnyside,5412271282,hmoretto5f@wiley.com,21668275
197,Eleanore,Greer,Parkside,4883246437,egreer5g@toplist.cz,22573339
198,Neale,Petyanin,Harper,4385633191,npetyanin5h@vinaora.com,79945994
199,Luca,Lieber,Fisk,6081933717,llieber5i@cnet.com,92789009
200,Susan,Rizzetti,Havey,4293447769,srizzetti5j@ebay.co.uk,52217470
201,Dianne,Gladden,Northview,4273731333,dgladden5k@bloglines.com,70641959
202,Anjanette,Ivanchin,Nevada,9479265154,aivanchin5l@msn.com,47171948
203,Joane,Polly,Old Gate,1163290456,jpolly5m@addtoany.com,87839480
204,Zorana,Priddle,Charing Cross,9115361699,zpriddle5n@google.co.uk,38651866
205,Katuscha,McGuffog,Nevada,7986881641,kmcguffog5o@illinois.edu,66055253
206,Clarance,Linke,Fair Oaks,5513756962,clinke5p@google.pl,26926185
207,Winnifred,Barense,American,3185673528,wbarense5q@typepad.com,53441471
208,Maude,Kingston,Novick,2059179849,mkingston5r@upenn.edu,23500550
209,Audy,Jaggi,Vera,6651847917,ajaggi5s@nps.gov,95905167
210,Matty,Swaite,Sage,3158043411,mswaite5t@chron.com,56194774
211,Rube,Gadsden,Cherokee,1193354835,rgadsden5u@360.cn,33889195
212,Taryn,Matt,Karstens,3851131648,tmatt5v@geocities.com,23875831
213,Dennis,Pile,Westport,1111005371,dpile5w@bloglovin.com,15597038
214,Darb,Himsworth,Village,4627299589,dhimsworth5x@youtu.be,17101393
215,Sarina,Skurray,Butternut,3287564719,sskurray5y@newyorker.com,01995267
216,Misty,Ilden,Waywood,9518900974,milden5z@irs.gov,85578332
217,Kayla,Grafhom,Claremont,7637126146,kgrafhom60@clickbank.net,87788342
218,Natalee,Sowley,Forest Dale,5256878196,nsowley61@bluehost.com,77700735
219,Rori,Hodgon,Springs,9545368546,rhodgon62@mozilla.org,61486968
220,Olive,Iban,Fordem,9959227745,oiban63@archive.org,46427873
221,Alice,Coraini,Westport,2273742474,acoraini64@samsung.com,82381297
222,Garth,Water,Golden Leaf,3156973323,gwater65@csmonitor.com,23470349
223,Jenifer,Gladbeck,Debs,7706865092,jgladbeck66@senate.gov,81730924
224,Devin,Guidotti,Washington,4546378443,dguidotti67@usa.gov,75287441
225,Yancy,Minty,Raven,1772734885,yminty68@gravatar.com,45374719
226,Haven,Sackett,Anniversary,3587235882,hsackett69@xinhuanet.com,58010848
227,Erin,Whifen,Troy,4746178442,ewhifen6a@vistaprint.com,36522023
228,Xymenes,Bavidge,Prairie Rose,9955468660,xbavidge6b@shareasale.com,15245810
229,Alicea,Gonthier,Petterle,5891455773,agonthier6c@ow.ly,46777583
230,Godwin,Lantuff,Merry,2761780632,glantuff6d@webs.com,39931058
231,Virgie,Drinkhill,Pennsylvania,5048724933,vdrinkhill6e@1688.com,11083589
232,Pru,Pechard,Spohn,5213190171,ppechard6f@goo.ne.jp,84172173
233,Demetre,Blancowe,Declaration,2085576517,dblancowe6g@github.com,81789301
234,Dill,Bartusek,Brown,6958482910,dbartusek6h@slideshare.net,96691350
235,Jannelle,Helliker,Manitowish,9107741490,jhelliker6i@ucoz.ru,46926201
236,Nady,Purcell,Fallview,4086732452,npurcell6j@dot.gov,61146638
237,Kimmi,Berndt,Lien,8497816437,kberndt6k@loc.gov,53781693
238,Base,Boodell,Debs,5248252434,bboodell6l@columbia.edu,84041006
239,Dallon,Sparham,Grim,4681492624,dsparham6m@gnu.org,58461460
240,Emalia,Dowding,Bluestem,5635375342,edowding6n@instagram.com,28195422
241,Rozalin,Sant,Utah,2058376955,rsant6o@state.gov,74870117
242,Callie,Figge,Atwood,6433427007,cfigge6p@theatlantic.com,73409092
243,Warden,Matterdace,Corry,7202270963,wmatterdace6q@mlb.com,28275207
244,Allene,Gumly,Lighthouse Bay,6088606082,agumly6r@ox.ac.uk,42969763
245,Neille,Bigglestone,Brentwood,9424103862,nbigglestone6s@oakley.com,12397743
246,Sylvan,Ickowics,Namekagon,8917062777,sickowics6t@upenn.edu,59529005
247,Sebastian,Melonby,Meadow Valley,4292388704,smelonby6u@eventbrite.com,84453756
248,Tiena,Antonat,Glendale,7746123278,tantonat6v@gov.uk,94835101
249,Luella,Scollan,Rigney,4473588939,lscollan6w@youtube.com,96113360
250,Kathlin,Deverale,Susan,1185942037,kdeverale6x@prnewswire.com,12194553
251,Elsbeth,Mullins,Mifflin,1093874114,emullins6y@unesco.org,41536563
252,Dominique,Grumell,Lotheville,9655461099,dgrumell6z@google.pl,81095402
253,Homerus,Mountain,Corry,3912710533,hmountain70@ustream.tv,20307265
254,Jakob,Tenman,Porter,5104788053,jtenman71@ucsd.edu,34804331
255,Shandra,Lamborne,Scott,6388858282,slamborne72@google.ru,38250283
256,Nelie,MacNish,Riverside,6153819752,nmacnish73@psu.edu,01186570
257,Malva,Gosney,Calypso,2432104577,mgosney74@360.cn,93737402
258,Ellswerth,Fuidge,Brickson Park,8288002659,efuidge75@earthlink.net,44673311
259,Teena,Punchard,Old Gate,3144197535,tpunchard76@1und1.de,71230269
260,Nonie,Clacey,Morning,5518298944,nclacey77@washington.edu,82744099
261,Niven,Danelut,Old Gate,4194089347,ndanelut78@unblog.fr,37918626
262,Nigel,McCurdy,Spohn,1699532815,nmccurdy79@wunderground.com,42789213
263,Kalie,Wicklin,Sycamore,5129189596,kwicklin7a@myspace.com,37332993
264,Taite,Tranmer,Kropf,5162474167,ttranmer7b@umich.edu,26627406
265,Briney,Campany,Center,2547071279,bcampany7c@hatena.ne.jp,76872507
266,Evita,Shevlin,Delaware,1768698061,eshevlin7d@com.com,64447692
267,Eb,Ilem,Columbus,8938295169,eilem7e@deviantart.com,30861635
268,Guendolen,Diche,East,9917078009,gdiche7f@cdbaby.com,35373582
269,Verile,Sargerson,John Wall,8205203022,vsargerson7g@google.com.au,78134452
270,Allistir,Oganesian,School,1412244663,aoganesian7h@163.com,70735502
271,Dusty,Dyerson,Oneill,8043498398,ddyerson7i@a8.net,52241009
272,Lezlie,Gallamore,Mcbride,4456698700,lgallamore7j@scientificamerican.com,38979386
273,Duncan,Haszard,Talmadge,8209803065,dhaszard7k@nsw.gov.au,10759797
274,Burlie,Orans,4th,9919298635,borans7l@wunderground.com,49835915
275,Morten,Habron,Oriole,7221217405,mhabron7m@ihg.com,63560528
276,Dani,Chinery,Stuart,8328201004,dchinery7n@aol.com,66734877
277,Allison,Muckart,Union,8213446575,amuckart7o@deviantart.com,10072418
278,Moise,Durman,Doe Crossing,1623053028,mdurman7p@altervista.org,14268933
279,Donella,Manning,Moland,1452250551,dmanning7q@studiopress.com,93456223
280,Yance,Goodding,Everett,8324327977,ygoodding7r@twitter.com,79274580
281,Gilburt,Stuchbery,Warrior,2352373092,gstuchbery7s@nhs.uk,41735673
282,Christine,Moatt,Michigan,5546267722,cmoatt7t@reverbnation.com,61150294
283,Maxy,Hoodlass,Declaration,8823107974,mhoodlass7u@shop-pro.jp,39642599
284,Babb,Parysowna,Russell,8927015995,bparysowna7v@sourceforge.net,04681906
285,Sarajane,Tewes,Eastlawn,8432111127,stewes7w@hubpages.com,49494530
286,Chloe,Voice,Corben,9846905517,cvoice7x@digg.com,89730858
287,Leland,Burden,Vidon,4906701555,lburden7y@nbcnews.com,93336190
288,Penelope,Matschek,Brickson Park,3947693992,pmatschek7z@theglobeandmail.com,93325185
289,Osmund,Phonix,Artisan,2765974005,ophonix80@ihg.com,84292857
290,Shawn,Fulton,Paget,4744317779,sfulton81@netvibes.com,74325501
291,Gertrude,McDool,Onsgard,7739565363,gmcdool82@etsy.com,46976825
292,Donelle,Cully,Carey,3906829325,dcully83@wordpress.com,25356486
293,Jarred,Spofford,Bluestem,1864031383,jspofford84@pinterest.com,92600544
294,Lewiss,Sheards,Kipling,9294080495,lsheards85@google.com.br,82426930
295,Raddy,Ingledew,Talmadge,5172686135,ringledew86@cnbc.com,39353982
296,Ilene,Mila,Gulseth,2793394969,imila87@ft.com,78733857
297,Charley,Brion,Village Green,7177828237,cbrion88@dmoz.org,63427497
298,Lyndsay,Hendrickson,Mayfield,5724256606,lhendrickson89@newsvine.com,76057390
299,Demott,Masedon,Mitchell,4217386990,dmasedon8a@wikipedia.org,68093241
300,Derward,de Pinna,Columbus,2159552417,ddepinna8b@hugedomains.com,68870686
301,Corabella,Hardes,Morrow,9103594942,chardes8c@fc2.com,52425740
302,Frederich,Sacher,Westridge,5707902924,fsacher8d@ask.com,08452967
303,Engelbert,Rewbottom,Parkside,4504182175,erewbottom8e@sakura.ne.jp,35509957
304,Davon,Barlthrop,Barnett,3032250672,dbarlthrop8f@etsy.com,77227823
305,Lynette,Mabone,Sunbrook,1224571276,lmabone8g@blogger.com,07153359
306,Puff,Ledgley,Warrior,8046869086,pledgley8h@mozilla.org,98738519
307,Anabel,Oxx,Harbort,2201580502,aoxx8i@free.fr,56695396
308,Claudio,Filinkov,Monica,3963959596,cfilinkov8j@cpanel.net,10400184
309,Stan,Stolworthy,Loftsgordon,8042021245,sstolworthy8k@mlb.com,37914987
310,Gothart,MacGeaney,Bluestem,4931562084,gmacgeaney8l@smugmug.com,52240414
311,Maury,Bedward,Farmco,5235369374,mbedward8m@shareasale.com,02973327
312,Bernette,Simner,Melby,2386298029,bsimner8n@ning.com,91957048
313,Pennie,Quan,Helena,5482606941,pquan8o@gov.uk,03658248
314,Kermit,Lebourn,Wayridge,2508451243,klebourn8p@jalbum.net,01088452
315,Gerhardt,Glowacz,Del Mar,3414269673,gglowacz8q@wikipedia.org,85987409
316,Martica,Garrals,Ridgeway,3266079168,mgarrals8r@dell.com,18039826
317,Isadora,Hebbron,Stone Corner,5695026042,ihebbron8s@indiegogo.com,02589841
318,Brear,Cherry Holme,Carioca,2851819745,bcherryholme8t@squarespace.com,27375207
319,Melody,Sizland,Rusk,2685034495,msizland8u@baidu.com,08897429
320,Tara,De Rechter,Ramsey,9398513548,tderechter8v@canalblog.com,09287991
321,Faina,Winchcombe,Continental,7843468781,fwinchcombe8w@biglobe.ne.jp,14377145
322,Tim,Renshall,Delladonna,1823850186,trenshall8x@mit.edu,22251832
323,Denis,Phizackerly,Hansons,2282981127,dphizackerly8y@nbcnews.com,49237227
324,Kendra,Hold,Surrey,4773600966,khold8z@newsvine.com,58544968
325,Feodora,Gower,Stone Corner,9006232369,fgower90@a8.net,58284003
326,Shay,Beauman,Dennis,8384136624,sbeauman91@cyberchimps.com,53859689
327,Leonie,Marcos,Roth,9492764107,lmarcos92@barnesandnoble.com,07959186
328,Ximenes,Pash,Spenser,9952872843,xpash93@theguardian.com,97629029
329,Idalia,Whitfeld,Hollow Ridge,3379330619,iwhitfeld94@drupal.org,47992005
330,Eloise,Kiggel,Mitchell,9886994195,ekiggel95@gmpg.org,11035737
331,Lotta,Janus,Chinook,6926085841,ljanus96@360.cn,69800384
332,Zelig,Weighell,Anderson,2487414265,zweighell97@macromedia.com,41520386
333,Malinda,Perrott,Bunting,6486404968,mperrott98@imgur.com,09297725
334,Kristina,Olivari,Dennis,4503648708,kolivari99@google.fr,15693828
335,Rodrigo,Durban,Raven,5285315199,rdurban9a@hao123.com,49857857
336,Birk,Kasbye,Meadow Ridge,7785199684,bkasbye9b@spiegel.de,53607716
337,Melita,Twizell,Kinsman,7025577526,mtwizell9c@edublogs.org,07999864
338,Rory,Donnell,Sutteridge,7278728711,rdonnell9d@scribd.com,62970925
339,Rosalynd,Van Arsdall,Melrose,6176465038,rvanarsdall9e@barnesandnoble.com,22193304
340,Brnaba,Gair,Del Mar,8731578173,bgair9f@intel.com,18059847
341,Nona,Fortune,Glacier Hill,2234867114,nfortune9g@psu.edu,48190554
342,Beaufort,Klaes,Fisk,5643054780,bklaes9h@narod.ru,83554378
343,Fonzie,Preto,Service,2351876120,fpreto9i@taobao.com,89459961
344,Andriette,Button,Crest Line,3005059857,abutton9j@vimeo.com,79225844
345,Jacquette,Charlot,Manley,2482820267,jcharlot9k@imageshack.us,49084443
346,Trula,Kinsett,West,2873757931,tkinsett9l@t-online.de,69130949
347,Olympie,Scouller,Laurel,3535221669,oscouller9m@hatena.ne.jp,93816593
348,Emyle,Cramb,Kingsford,7535058382,ecramb9n@github.io,40395661
349,Armand,Trodler,Starling,7788440481,atrodler9o@joomla.org,71839421
350,Holly-anne,Gorke,Rigney,6054328726,hgorke9p@buzzfeed.com,78281884
351,Darleen,Pidon,Chinook,9758529873,dpidon9q@51.la,66290289
352,Sherri,Hickisson,Macpherson,9652483013,shickisson9r@scientificamerican.com,13869661
353,Doroteya,Moultrie,Veith,7167563101,dmoultrie9s@umn.edu,76040232
354,Lillian,Bather,Mcbride,1271889632,lbather9t@thetimes.co.uk,94810177
355,Melva,Roze,Jackson,1865873589,mroze9u@naver.com,21826423
356,Meredith,Webburn,Summit,9775660610,mwebburn9v@ftc.gov,96302299
357,Anet,Raulin,Forest Dale,9332503623,araulin9w@wisc.edu,46014675
358,Amity,Rieger,Cambridge,7472400486,arieger9x@yahoo.com,15680769
359,Valentino,Waldock,Clarendon,1536339524,vwaldock9y@pen.io,55478840
360,Dave,Evins,South,8747938013,devins9z@yahoo.com,74595271
361,Mattheus,Blaby,Green Ridge,2943532018,mblabya0@amazon.co.jp,51806878
362,Berton,Posen,Eagan,7511080134,bposena1@1und1.de,56427690
363,Nesta,Tolson,Becker,4972491204,ntolsona2@g.co,68479549
364,Maribelle,Bonn,Scofield,3422520185,mbonna3@dailymotion.com,01005505
365,Felicia,Wheeliker,Darwin,2562265134,fwheelikera4@hostgator.com,59811735
366,Kilian,Barras,Hollow Ridge,4498041145,kbarrasa5@friendfeed.com,51669287
367,Heda,Haglinton,Dixon,7949389268,hhaglintona6@wordpress.org,09143423
368,Gwynne,Stit,American Ash,9816133408,gstita7@icq.com,59016870
369,Cissy,Mattedi,Drewry,5825257917,cmattedia8@mashable.com,95873764
370,Giffie,Rusted,Clemons,8708041882,grusteda9@altervista.org,69885428
371,Trudey,Rubra,Ryan,4131747539,trubraaa@creativecommons.org,05267004
372,Alwin,Sliman,Main,5235223128,aslimanab@cam.ac.uk,08096090
373,Lefty,Jessup,Almo,9874868584,ljessupac@163.com,40685304
374,Ewan,Playle,Talisman,2328395504,eplaylead@google.de,63927008
375,Bethena,Brownsall,Haas,6938810085,bbrownsallae@51.la,79459940
376,Beverley,Gelsthorpe,Helena,9572381688,bgelsthorpeaf@nyu.edu,22054331
377,Christal,Corington,Waubesa,6299358006,ccoringtonag@ucoz.com,88869823
378,Jeromy,Lalley,Southridge,9629645374,jlalleyah@hugedomains.com,21247775
379,Gladi,Brandreth,Clove,4304360508,gbrandrethai@google.com.br,18526735
380,Martyn,Deny,Schlimgen,8607598977,mdenyaj@ustream.tv,31757148
381,Kurt,Gehrts,Stephen,3229616207,kgehrtsak@360.cn,15701954
382,Kelsi,Gorrissen,Crownhardt,4586155521,kgorrissenal@topsy.com,50054256
383,Marielle,Benediktsson,Graedel,5464283006,mbenediktssonam@chronoengine.com,06524685
384,Sharleen,Suddock,Holmberg,8018395344,ssuddockan@pinterest.com,78518466
385,Pace,Pettingall,Mifflin,7803399691,ppettingallao@hugedomains.com,39189053
386,Lois,Ledger,Farragut,2146071135,lledgerap@wordpress.org,73059917
387,Woodrow,Stanway,Namekagon,6388833355,wstanwayaq@multiply.com,54255373
388,Filmore,Pound,Lukken,8078973092,fpoundar@wunderground.com,68514175
389,Sunny,Gavaghan,Springs,8354824360,sgavaghanas@fc2.com,06288373
390,Harold,Bailie,Crowley,6094670506,hbailieat@a8.net,44543108
391,Shellysheldon,Shingler,West,7682914540,sshinglerau@tamu.edu,94563672
392,Gertie,Filler,Sachs,1479305940,gfillerav@phpbb.com,92715070
393,Tony,Brodley,Susan,9807044451,tbrodleyaw@ihg.com,70869522
394,Frank,Maxfield,Kennedy,8935012889,fmaxfieldax@shutterfly.com,16265454
395,Doralynn,Hankinson,Cottonwood,6598215556,dhankinsonay@upenn.edu,67123795
396,Cal,Suttling,Texas,2991324253,csuttlingaz@opera.com,86350256
397,Valaria,Senechell,Mallard,8536407160,vsenechellb0@weather.com,71114572
398,Agnola,Sedgman,Di Loreto,7115307968,asedgmanb1@tuttocitta.it,16953845
399,Bette,Robjant,Dottie,3071482376,brobjantb2@cloudflare.com,72733806
400,Jobey,Kelston,Arizona,4357203131,jkelstonb3@ucsd.edu,85091700
401,Ulrika,Dymick,Reindahl,9191768551,udymickb4@icio.us,15899122
402,Britta,Whiteoak,Lukken,3157612510,bwhiteoakb5@seattletimes.com,57888507
403,Cheston,Martinson,Hooker,5007911655,cmartinsonb6@europa.eu,38088825
404,Annaliese,Kleinhandler,Kennedy,3121956009,akleinhandlerb7@soup.io,81118324
405,Courtney,Cotesford,North,6899170207,ccotesfordb8@cargocollective.com,44488416
406,Ferdinande,Keal,Maryland,8872719167,fkealb9@elpais.com,46337623
407,Dorree,Cullin,Logan,8005157643,dcullinba@techcrunch.com,70191207
408,Diahann,Ughini,Bayside,1544059038,dughinibb@digg.com,76756874
409,Levi,Brodway,Thierer,7657025666,lbrodwaybc@china.com.cn,13080316
410,Joete,Marsters,Reindahl,7029767954,jmarstersbd@feedburner.com,03144886
411,Dannie,Larmett,Pearson,3017843449,dlarmettbe@businessinsider.com,37695447
412,Joellen,Mingay,Hoard,2194755137,jmingaybf@drupal.org,15954482
413,Mordecai,Leake,Iowa,5927535538,mleakebg@reuters.com,53105921
414,Kanya,Gallihawk,Cherokee,3343283087,kgallihawkbh@wired.com,29925068
415,Kirbie,Farnsworth,Gerald,4534254450,kfarnsworthbi@diigo.com,58130531
416,Ines,Comini,Service,3585134657,icominibj@tinyurl.com,35655012
417,Kennie,Straniero,Hoepker,9025033309,kstranierobk@blinklist.com,50904710
418,Brittany,Eates,Swallow,6171024029,beatesbl@hexun.com,18045071
419,Reeba,Bullen,Summerview,8151613905,rbullenbm@barnesandnoble.com,12814124
420,Ferdinand,Ladyman,Sundown,7801250302,fladymanbn@ameblo.jp,46222683
421,Courtney,How,Columbus,1671821781,chowbo@pinterest.com,81863833
422,Ulrich,Burdus,Johnson,9362708220,uburdusbp@stumbleupon.com,32953318
423,Afton,Van T'Hoog,Talmadge,3453824232,avanthoogbq@china.com.cn,84754484
424,Dede,Cornbell,Hooker,3544810263,dcornbellbr@admin.ch,37074012
425,Windy,MacCorkell,Moland,7628866559,wmaccorkellbs@dailymail.co.uk,11355290
426,Torrie,Godly,Texas,4741358223,tgodlybt@plala.or.jp,22003254
427,Gare,Anstiss,Randy,2245642740,ganstissbu@rediff.com,06462603
428,Teodor,Ouchterlony,Hoffman,7131083459,touchterlonybv@quantcast.com,81811520
429,Melisenda,Titcombe,Troy,7516679066,mtitcombebw@ebay.com,79696168
430,Anna-diana,Gloucester,Spenser,2975817833,agloucesterbx@behance.net,04246558
431,Spenser,O'Fogerty,Hanson,5151596151,sofogertyby@unicef.org,93339003
432,Milicent,Coppen,Calypso,4691326877,mcoppenbz@ed.gov,59472597
433,Alexei,Redmile,Anderson,6376816247,aredmilec0@surveymonkey.com,40519008
434,Ianthe,Waterhous,Nova,1515181109,iwaterhousc1@va.gov,86188761
435,Bennett,Sellek,Arkansas,9922496578,bsellekc2@altervista.org,86580349
436,Gregorius,Welchman,Rieder,7794314768,gwelchmanc3@berkeley.edu,05291207
437,Rhonda,Fairhead,Melody,9155900142,rfairheadc4@sogou.com,90231831
438,Barnebas,Calafate,Portage,8262115084,bcalafatec5@huffingtonpost.com,59903406
439,Louisette,Cottel,Merchant,8142897408,lcottelc6@dyndns.org,48054602
440,Vaclav,Mathews,Weeping Birch,5208269638,vmathewsc7@networkadvertising.org,98789982
441,Rand,Condie,Westridge,1033634212,rcondiec8@house.gov,84894295
442,Belita,Cunnow,Garrison,2195502084,bcunnowc9@flickr.com,64067149
443,Tamma,Vedeniktov,Dottie,8289201987,tvedeniktovca@mozilla.com,74051666
444,Merrick,Yacob,Bunting,3014485379,myacobcb@51.la,51953159
445,Faunie,Erat,Derek,3622259028,feratcc@digg.com,09546831
446,Juli,Pennaman,Golden Leaf,6289238658,jpennamancd@smugmug.com,73379598
447,Karly,Erratt,Forest Run,4511741657,kerrattce@microsoft.com,96273810
448,Nara,Symson,Becker,7726627170,nsymsoncf@reference.com,61885688
449,Nickolai,Reeveley,Old Shore,2551194880,nreeveleycg@nifty.com,88026255
450,Herschel,Berrow,Farmco,4324045780,hberrowch@tinypic.com,60614341
451,Elinore,Bonome,Gulseth,7583124706,ebonomeci@sfgate.com,72799716
452,Lucy,Castello,Everett,8509628543,lcastellocj@ucoz.ru,40110724
453,Rafaello,Pask,Randy,2475957985,rpaskck@ibm.com,90163024
454,Meredith,Antonijevic,Eagle Crest,8067200702,mantonijeviccl@t.co,67898463
455,Willy,Hatfield,Schurz,6229726166,whatfieldcm@yellowbook.com,25528662
456,Robinet,Fruchter,Schurz,9868176010,rfruchtercn@cloudflare.com,97857015
457,Cornell,Wardingly,8th,8494041964,cwardinglyco@boston.com,84755227
458,Briny,Caswill,Birchwood,9149688279,bcaswillcp@elegantthemes.com,06153580
459,Gav,Edmott,Laurel,3442862553,gedmottcq@digg.com,57777721
460,Nola,Wybron,Dahle,1579862716,nwybroncr@gov.uk,62241986
461,Karlene,Brayne,East,9203045779,kbraynecs@cpanel.net,64171871
462,Jackson,Baddoe,North,4305578377,jbaddoect@msn.com,61297705
463,Jania,Sarre,Riverside,4718349982,jsarrecu@homestead.com,95215241
464,Goraud,Jelly,Green,8724104149,gjellycv@scientificamerican.com,96770167
465,Hamnet,Piwell,Lindbergh,8712965862,hpiwellcw@cornell.edu,68208485
466,Grata,Lambirth,Loeprich,8122752032,glambirthcx@cdc.gov,54778615
467,Haley,Seeney,Sunnyside,9583786090,hseeneycy@alibaba.com,14936201
468,Jessi,Greader,Loomis,9537140930,jgreadercz@dailymail.co.uk,23879950
469,Lilias,Woodward,Oneill,6328809885,lwoodwardd0@theatlantic.com,12571108
470,Kimbra,Sandyford,Dryden,4334515019,ksandyfordd1@uol.com.br,00631478
471,Rog,Tutsell,Green Ridge,8034249679,rtutselld2@drupal.org,43568344
472,Axel,Danter,Autumn Leaf,6069010284,adanterd3@purevolume.com,67042636
473,Elijah,Klemencic,Randy,7135603023,eklemencicd4@slideshare.net,83149431
474,Dianna,Firmager,Bluejay,3151938140,dfirmagerd5@gizmodo.com,14994160
475,Deina,Swannie,Corry,8069742910,dswannied6@mac.com,92546580
476,Ancell,Treharne,Arizona,3282787240,atreharned7@printfriendly.com,19336414
477,Ranice,Turn,Melody,6708389893,rturnd8@tuttocitta.it,91819072
478,Patsy,Joire,Glacier Hill,1865554133,pjoired9@epa.gov,05800694
479,Vikki,Downie,Elka,5306820111,vdownieda@mayoclinic.com,08294030
480,Conney,Hackwell,Laurel,7864207278,chackwelldb@sun.com,54417077
481,Flory,Younger,Bobwhite,2545767469,fyoungerdc@baidu.com,18406517
482,Wes,Privost,Carey,4797962824,wprivostdd@hc360.com,39446357
483,Brittany,Stallen,Vera,4085163285,bstallende@cornell.edu,94034493
484,Alick,Rose,Mayfield,7658390144,arosedf@posterous.com,26814762
485,Martin,Pargiter,Oak,1619147074,mpargiterdg@independent.co.uk,28420999
486,Tobi,Gabbott,Hauk,8444895907,tgabbottdh@theglobeandmail.com,61460114
487,Lucais,Braghini,Arkansas,8409140519,lbraghinidi@elegantthemes.com,19873239
488,Naomi,Durning,Corry,7822943900,ndurningdj@census.gov,83607331
489,Bea,Sparham,Spohn,7138836943,bsparhamdk@delicious.com,16092705
490,Garv,McGorman,Maple Wood,3557406965,gmcgormandl@parallels.com,66648862
491,Abdul,Foord,Londonderry,8397161794,afoorddm@answers.com,46218363
492,Kirsteni,Klisch,Manitowish,2189190704,kklischdn@cyberchimps.com,98590586
493,Iris,Degoy,Holmberg,7475891534,idegoydo@apache.org,47669719
494,Idalia,Downey,Cardinal,7176657108,idowneydp@bluehost.com,19414617
495,Louella,Farrens,Menomonie,3256661434,lfarrensdq@who.int,23614640
496,Issiah,Rudman,Barnett,2596131993,irudmandr@telegraph.co.uk,78914861
497,Odetta,Simonich,Gale,2973478979,osimonichds@edublogs.org,41950341
498,Mariann,Oldford,Redwing,9206524828,moldforddt@disqus.com,33335205
499,Lucinda,Trevillion,Blaine,6181069386,ltrevilliondu@seesaa.net,33101572
500,Tuesday,Bourrel,Summer Ridge,9573949132,tbourreldv@prlog.org,85921343
501,Maureene,Launchbury,Londonderry,3487632207,mlaunchburydw@msu.edu,14795026
502,Alleen,Fechnie,Derek,5916384775,afechniedx@themeforest.net,10316899
503,Mable,Harmer,Melby,2504320698,mharmerdy@house.gov,47103663
504,Ofella,Kleinplatz,Ronald Regan,1733725150,okleinplatzdz@sbwire.com,54866820
505,Teodor,Curwen,Spohn,5335166228,tcurwene0@irs.gov,42151711
506,Bernadene,Parren,John Wall,9951077958,bparrene1@cisco.com,41731583
507,Rebeca,Skala,Burrows,4011416151,rskalae2@istockphoto.com,00403072
508,Nelia,Tarr,Schmedeman,8661589524,ntarre3@reddit.com,14462989
509,Nichole,Trayford,Huxley,2393422102,ntrayforde4@acquirethisname.com,19252075
510,Vivyanne,Murch,Independence,5295649919,vmurche5@joomla.org,01244115
511,Leeanne,Crebbin,Sauthoff,9195919966,lcrebbine6@tinyurl.com,40787339
512,Armando,Quakley,Tennyson,3085505629,aquakleye7@arstechnica.com,53132384
513,Allyn,Willson,Rowland,9189979698,awillsone8@ow.ly,59899171
514,Chelsie,Comizzoli,Bellgrove,7791395207,ccomizzolie9@vistaprint.com,15058044
515,Elmira,Moss,Green,9256286583,emossea@nature.com,94761561
516,Avivah,Franzotto,Hazelcrest,2381422307,afranzottoeb@ehow.com,84989150
517,Wright,Lafrentz,North,7244454462,wlafrentzec@bravesites.com,61189823
518,Layton,Mayoral,Center,1317971614,lmayoraled@pagesperso-orange.fr,76499206
519,Cyb,Bigg,Dryden,6609759922,cbiggee@ucoz.com,49620544
520,Bird,Ather,David,3063019781,batheref@lulu.com,83099291
521,Winona,Gillebert,Shasta,4107431404,wgilleberteg@psu.edu,11051868
522,Eba,Twigg,Northwestern,8571562567,etwiggeh@newyorker.com,81764089
523,Nichole,Avraam,Claremont,9402371393,navraamei@jiathis.com,36147564
524,Angus,Oxx,Evergreen,1178485752,aoxxej@artisteer.com,13483663
525,Germain,Summerside,Oneill,6514545400,gsummersideek@stanford.edu,56501821
526,Ginevra,Ivetts,Upham,6192890641,givettsel@boston.com,36803463
527,Lorraine,Farish,Lakewood Gardens,2766387801,lfarishem@networksolutions.com,55454627
528,Michelle,Iacoviello,Melody,3144044068,miacovielloen@storify.com,98890963
529,Ronny,Varnam,Chive,7221459259,rvarnameo@uol.com.br,36095363
530,Dene,Bealton,Ilene,7698897686,dbealtonep@ucla.edu,95409565
531,Mallorie,Gosden,Bashford,4287004700,mgosdeneq@jimdo.com,25892532
532,Garry,Vamplers,Reindahl,8525051611,gvamplerser@google.co.uk,63585407
533,Keri,Boow,Bashford,1465316645,kboowes@odnoklassniki.ru,32590664
534,Deeyn,Morgan,Swallow,9787750418,dmorganet@howstuffworks.com,94835851
535,Emilee,Dowrey,High Crossing,1506726994,edowreyeu@soup.io,68172870
536,Renado,Di Ruggero,Hoepker,3464900042,rdiruggeroev@imageshack.us,29910281
537,Kelbee,Kristiansen,Burning Wood,6588993850,kkristiansenew@slideshare.net,90485554
538,Raquel,Limon,Ridgeway,9494581095,rlimonex@example.com,27515846
539,Georgy,Hymas,Lakewood Gardens,9019527737,ghymasey@ocn.ne.jp,41176319
540,Rosita,Matthews,Valley Edge,6816020859,rmatthewsez@slideshare.net,53201478
541,Andra,Ollerhead,Sherman,8566775928,aollerheadf0@eepurl.com,01247475
542,Nicholle,Llorente,Blaine,9411302124,nllorentef1@rediff.com,84683717
543,Danielle,Dickson,Mariners Cove,5957040978,ddicksonf2@google.com.au,02276460
544,Washington,Davidov,Logan,3863711768,wdavidovf3@nba.com,49288344
545,Ami,Flanagan,Pond,3354089347,aflanaganf4@delicious.com,13184803
546,Kellina,Stuchbery,Red Cloud,6728292932,kstuchberyf5@house.gov,11883638
547,Vanya,Cuthill,Clyde Gallagher,5389576473,vcuthillf6@whitehouse.gov,51266857
548,Ian,Toppin,Blaine,9878937975,itoppinf7@spiegel.de,03285441
549,Imogene,Bartel,Troy,7974250670,ibartelf8@mapy.cz,95245359
550,Mollee,Bastard,Washington,5293637014,mbastardf9@amazon.de,94456617
551,Polly,Adney,Union,2156013689,padneyfa@tiny.cc,17609549
552,Mitch,Chettle,Starling,9115573968,mchettlefb@tripadvisor.com,05973469
553,Jacquette,Milillo,Bluejay,9853700923,jmilillofc@toplist.cz,55330537
554,Sara-ann,Cuphus,Chinook,2685261057,scuphusfd@wikispaces.com,57917412
555,De witt,Syms,Parkside,2786634015,dsymsfe@flickr.com,42115910
556,Sawyere,Maddy,Red Cloud,9141340222,smaddyff@altervista.org,03939190
557,Deanne,Witcombe,Westridge,7097510750,dwitcombefg@ustream.tv,58483061
558,Donni,Endean,Sunfield,7731247566,dendeanfh@dell.com,13567900
559,Lorrie,Jakoviljevic,Charing Cross,1179209344,ljakoviljevicfi@nba.com,06891466
560,Elisa,Ronisch,Eagle Crest,8504159562,eronischfj@imageshack.us,54103260
561,Bertrando,Overnell,Luster,1053111289,bovernellfk@shareasale.com,10674450
562,Ruddy,Laker,Redwing,8982191325,rlakerfl@networksolutions.com,40232208
563,Dud,Topaz,Ramsey,3827183209,dtopazfm@utexas.edu,89843669
564,Ingamar,Pardue,Charing Cross,4076621669,iparduefn@biblegateway.com,66537383
565,Koral,Mintram,Butternut,9084491483,kmintramfo@ycombinator.com,04033138
566,Deana,Brammar,Charing Cross,6537706256,dbrammarfp@cbc.ca,91165461
567,Eula,Perillio,Mosinee,3429710301,eperilliofq@baidu.com,09588897
568,Orrin,Peinke,Beilfuss,8932271126,opeinkefr@paypal.com,20598504
569,Kirstin,Escalante,Golf,1044732325,kescalantefs@businessinsider.com,23679489
570,Conrade,Merrigans,Raven,8987274747,cmerrigansft@163.com,78195583
571,Willy,Whanstall,Huxley,9574398479,wwhanstallfu@wsj.com,64978258
572,Cornela,Badini,Superior,3588574712,cbadinifv@freewebs.com,70811205
573,Gabby,Vaszoly,Dixon,7603349704,gvaszolyfw@xing.com,11411750
574,Paulette,Huortic,Dayton,2023253466,phuorticfx@blinklist.com,81298022
575,Kattie,Somes,Morning,3114331401,ksomesfy@livejournal.com,37224731
576,Waly,Cutchie,Bonner,7618303165,wcutchiefz@google.com.au,42331161
577,Pasquale,Di Francesco,Meadow Ridge,3751258802,pdifrancescog0@blinklist.com,92106598
578,Felice,McCaughren,Karstens,7466803925,fmccaughreng1@cbslocal.com,06252485
579,Wilden,Fidoe,Carpenter,3426566052,wfidoeg2@ning.com,02416845
580,Stinky,Ivimey,4th,3276189342,sivimeyg3@google.com.au,39838809
581,Stanley,Lindermann,Hudson,9921991902,slindermanng4@irs.gov,89896515
582,Dianemarie,Creelman,Caliangt,8471500015,dcreelmang5@homestead.com,00490586
583,Charley,Tandy,Myrtle,8631191244,ctandyg6@storify.com,18966946
584,Bellanca,Mainwaring,Hooker,7334038269,bmainwaringg7@bluehost.com,12941129
585,Brendis,Doerffer,Kings,7677850093,bdoerfferg8@zimbio.com,47878705
586,Tonia,Cumbes,Ramsey,2234304475,tcumbesg9@indiegogo.com,92740759
587,Morie,Ramme,Mandrake,6956357183,mrammega@blogspot.com,87178672
588,Isidoro,Hopewell,Ryan,4073038506,ihopewellgb@loc.gov,63358936
589,Jammie,MacCrann,Westport,1246014116,jmaccranngc@opera.com,55255821
590,Walden,Mincini,Lunder,3677363115,wmincinigd@nps.gov,83937936
591,Abra,Lyne,Veith,2018317611,alynege@pagesperso-orange.fr,32710122
592,Xena,Abramson,Westport,5075990669,xabramsongf@soundcloud.com,66044753
593,Fairfax,Duncanson,Darwin,5865358107,fduncansongg@liveinternet.ru,76218807
594,Nikita,Booton,Carioca,5211520255,nbootongh@mac.com,23072801
595,Tisha,Nicklinson,Kenwood,8831948419,tnicklinsongi@360.cn,90579168
596,Biron,Flatt,Twin Pines,3895563537,bflattgj@wix.com,09843299
597,Phaidra,Petras,Quincy,9124279300,ppetrasgk@google.it,44018548
598,Dael,Dainter,Columbus,3442791232,ddaintergl@w3.org,86913663
599,Junette,Rawsen,Quincy,6366662966,jrawsengm@answers.com,65156018
600,Edwina,Smallpiece,Rigney,4649785575,esmallpiecegn@histats.com,14110789
601,Dyane,Ouslem,Nova,7581448196,douslemgo@newyorker.com,64064614
602,Chandal,Humphrys,Darwin,8293894299,chumphrysgp@networkadvertising.org,72668890
603,Merrilee,Hattam,Nobel,7528441347,mhattamgq@rambler.ru,29169751
604,Rita,Sedgeman,Brentwood,4306373433,rsedgemangr@webnode.com,96397732
605,Mario,Armall,Mariners Cove,9229582152,marmallgs@chicagotribune.com,48347343
606,Pietrek,Sheehan,Utah,2154906161,psheehangt@redcross.org,88467747
607,Ginnie,Lumber,Nova,1039634448,glumbergu@chicagotribune.com,57414056
608,Dud,Kennally,Northwestern,5267866546,dkennallygv@weibo.com,07106244
609,Rorie,Pardon,Knutson,6181535807,rpardongw@blogspot.com,77696351
610,Jerry,Hemms,Onsgard,8325883764,jhemmsgx@mashable.com,88969524
611,Leon,Duplain,Springs,2081967016,lduplaingy@drupal.org,70288125
612,Gill,De Leek,Mayfield,8678095007,gdeleekgz@auda.org.au,44026720
613,Darwin,Becken,Summerview,1529714311,dbeckenh0@issuu.com,51271276
614,Josie,Fayers,Sunfield,3101509208,jfayersh1@fc2.com,74264356
615,Stanleigh,Toope,Kedzie,7119775711,stoopeh2@quantcast.com,41255363
616,Meridith,Bellchamber,Elka,4341144438,mbellchamberh3@cbc.ca,47793923
617,Ethelind,Shutte,Scott,8608106829,eshutteh4@themeforest.net,78418808
618,Wilbur,Tytcomb,Green,8934172717,wtytcombh5@smh.com.au,51523312
619,Walt,Vasyutochkin,Hoepker,3364639864,wvasyutochkinh6@weebly.com,45495498
620,Mommy,Petel,Old Shore,6592876728,mpetelh7@apache.org,29937801
621,Austina,Kimbling,Roxbury,6013612577,akimblingh8@w3.org,31109503
622,Sabra,Wink,Ridge Oak,2331243855,swinkh9@sciencedirect.com,12644360
623,Bogey,Bouzan,Troy,5941374044,bbouzanha@barnesandnoble.com,27838382
624,Kenn,Beswetherick,Hayes,7695471915,kbeswetherickhb@howstuffworks.com,37322548
625,Alain,Wyard,Buhler,3028524340,awyardhc@cnet.com,36213925
626,Marcela,Pentlow,Kenwood,5538043540,mpentlowhd@jugem.jp,44614050
627,Christoper,MacGow,Eastlawn,7643062711,cmacgowhe@ed.gov,35856873
628,Tonia,Sharple,Michigan,8836835482,tsharplehf@so-net.ne.jp,39284263
629,Wallis,Guinan,Charing Cross,2063249681,wguinanhg@ucla.edu,36804016
630,Madelon,Burgis,Heffernan,1966922939,mburgishh@scribd.com,89128852
631,Kelcey,Doylend,Red Cloud,9203071174,kdoylendhi@princeton.edu,53531212
632,Powell,Ambrosoli,Anzinger,6363627470,pambrosolihj@bloglovin.com,43091247
633,Kinny,Sonner,Westport,6185905231,ksonnerhk@dedecms.com,98745751
634,Meir,Cockburn,Continental,6094556539,mcockburnhl@cnbc.com,57907662
635,Dal,Barrow,Welch,8209967665,dbarrowhm@google.com.br,67170706
636,Edna,Halle,Moland,5712341151,ehallehn@unblog.fr,24296744
637,Alley,Vargas,Jenifer,1514089721,avargasho@spiegel.de,89699779
638,Salomo,Files,Bayside,5718175177,sfileshp@altervista.org,86554705
639,Danie,Bromidge,Granby,5638540705,dbromidgehq@latimes.com,44467762
640,Xenia,Trawin,Independence,2674398035,xtrawinhr@last.fm,40862446
641,Darbee,Lindenbluth,Anthes,6287035121,dlindenbluthhs@mapy.cz,45674337
642,Kingston,Halahan,Graedel,5905786911,khalahanht@reverbnation.com,59893735
643,Suki,Courtliff,Knutson,6274310806,scourtliffhu@yolasite.com,48325298
644,Donovan,McKimm,Anhalt,9209747969,dmckimmhv@wisc.edu,97023658
645,Babbette,Peinton,Monica,5649335142,bpeintonhw@engadget.com,82265822
646,Wendye,Paudin,Pond,2127317802,wpaudinhx@biblegateway.com,50750109
647,Pascal,Minchinden,Macpherson,1341969377,pminchindenhy@bbc.co.uk,30866699
648,Merrili,Ledwich,Mallard,6484364266,mledwichhz@microsoft.com,35297098
649,Kellia,Belward,Mallard,1131901840,kbelwardi0@washington.edu,11003014
650,Dalt,Scotting,Swallow,5059898029,dscottingi1@amazon.de,94667353
651,Laurie,Petigrew,Old Shore,1248014044,lpetigrewi2@examiner.com,12508509
652,Sigrid,Satterfitt,Hovde,9079650602,ssatterfitti3@senate.gov,98644401
653,Hadrian,Woodstock,Cottonwood,5831339459,hwoodstocki4@nyu.edu,03604618
654,Andriana,Learmount,Gateway,1054590612,alearmounti5@irs.gov,07716724
655,Jeremy,Smalles,Lukken,3939236768,jsmallesi6@google.co.uk,61397639
656,Nisse,Rayworth,Fair Oaks,2751846398,nrayworthi7@salon.com,74618543
657,Laney,Cadore,Mendota,9595186415,lcadorei8@amazon.co.uk,02939734
658,Igor,Perott,Holmberg,7268812389,iperotti9@hugedomains.com,91092731
659,Diandra,Limon,Roth,7588424426,dlimonia@diigo.com,49160947
660,Sig,Fain,Cascade,9521551579,sfainib@upenn.edu,19652964
661,Ruthi,Gecks,Superior,1994410598,rgecksic@discovery.com,90642511
662,Annecorinne,Janosevic,Grasskamp,5366409698,ajanosevicid@statcounter.com,48987009
663,Constantina,Scurrell,Russell,1381395614,cscurrellie@sciencedaily.com,66069125
664,Chiquita,Duckerin,Dakota,8424526895,cduckerinif@apache.org,65297638
665,Constantino,Tarborn,Carberry,6156499033,ctarbornig@devhub.com,10347136
666,Evin,Flament,Talmadge,4236196775,eflamentih@dyndns.org,37431592
667,Hamish,Littlejohns,Bayside,2862300380,hlittlejohnsii@eventbrite.com,71264214
668,Mariquilla,Tayspell,Lien,4601385435,mtayspellij@phoca.cz,37882112
669,Gypsy,Govey,Sherman,5505927154,ggoveyik@answers.com,82110624
670,Fritz,Metcalf,Eagle Crest,1873618536,fmetcalfil@flickr.com,43229251
671,Kienan,McNay,Hovde,3313973490,kmcnayim@phpbb.com,82656329
672,Roldan,Fulk,Schurz,3157058264,rfulkin@mapy.cz,45592394
673,Lauralee,Brewin,Express,8193765521,lbrewinio@wunderground.com,52171676
674,Guntar,Ricardet,Monica,3366753910,gricardetip@merriam-webster.com,91022932
675,Erhard,Cases,Scofield,7598129316,ecasesiq@webeden.co.uk,09176594
676,Justus,Fludder,Lakewood,7755538538,jfludderir@patch.com,83456857
677,Paton,Crisell,Warrior,5447185785,pcrisellis@bandcamp.com,58404671
678,Fiona,Balharrie,Debra,5731300601,fbalharrieit@ovh.net,75511542
679,Vina,McKerton,Larry,4142890184,vmckertoniu@ow.ly,68810981
680,Tiffie,Gower,4th,5335379743,tgoweriv@sun.com,50205397
681,Coreen,Doberer,Red Cloud,2038971876,cdobereriw@cocolog-nifty.com,07978612
682,Lyndsie,Wisniowski,Eggendart,8848865048,lwisniowskiix@europa.eu,29243534
683,Winny,Campe,Sherman,5671603326,wcampeiy@istockphoto.com,13969467
684,Nikaniki,Clubbe,Clyde Gallagher,5478005980,nclubbeiz@a8.net,67272107
685,Carmel,Bummfrey,Goodland,8236668069,cbummfreyj0@blogspot.com,13119583
686,Xymenes,Attawell,Dennis,1185644918,xattawellj1@google.co.jp,29935952
687,Land,Sprigg,Independence,6743011137,lspriggj2@livejournal.com,21248702
688,Agatha,Goning,Utah,9441663445,agoningj3@adobe.com,11282092
689,Aundrea,Knapper,Manufacturers,9254774347,aknapperj4@instagram.com,00494393
690,Papageno,Stede,Ilene,9392007230,pstedej5@bloomberg.com,09115847
691,Riccardo,Cejka,Melody,4673527004,rcejkaj6@newsvine.com,50044898
692,Dunstan,Scrange,Rieder,9467947919,dscrangej7@biglobe.ne.jp,97346164
693,Amil,Kalvin,Mcbride,6457641422,akalvinj8@shop-pro.jp,38113641
694,Mona,Matanin,Morning,7106575833,mmataninj9@comsenz.com,83631899
695,Denys,Leatherbarrow,Dahle,2613401077,dleatherbarrowja@example.com,59288156
696,Olympie,Doe,Barnett,6411004273,odoejb@networksolutions.com,88547622
697,Mollee,Lehenmann,Grover,7907488323,mlehenmannjc@usgs.gov,66681435
698,Arabela,Finessy,Rigney,6535703236,afinessyjd@amazon.co.jp,54110894
699,Halie,Bernardos,Lake View,8156540623,hbernardosje@canalblog.com,19036410
700,Charmaine,Ferriby,Emmet,3035033155,cferribyjf@hud.gov,82994472
701,Abigail,Faichney,Coolidge,8064691273,afaichneyjg@edublogs.org,97816810
702,Mildred,Gonnelly,Summit,1685143613,mgonnellyjh@elpais.com,93637279
703,Sheelagh,Flye,Springs,8059957311,sflyeji@ocn.ne.jp,47589894
704,Quintilla,Klainman,School,2697460230,qklainmanjj@howstuffworks.com,79802817
705,Constancy,Bilton,Roth,7921687124,cbiltonjk@gravatar.com,18485422
706,Krystle,Stopps,Gateway,7323071202,kstoppsjl@tinypic.com,83940964
707,Elnar,Birkbeck,East,8313199709,ebirkbeckjm@cam.ac.uk,11902954
708,Avivah,Moylane,Northview,8941268817,amoylanejn@mlb.com,21486848
709,Johnette,Troyes,Scofield,8479834799,jtroyesjo@rakuten.co.jp,65000434
710,Candi,Mityushkin,Roxbury,9859587623,cmityushkinjp@google.fr,14180658
711,Mirabella,Wandrack,Di Loreto,3961329917,mwandrackjq@theatlantic.com,52004884
712,Carlin,Scaife,West,3736609810,cscaifejr@gov.uk,56027373
713,Carin,Huniwall,Briar Crest,9947577592,chuniwalljs@ameblo.jp,31118424
714,Glenine,Pepperrall,Elmside,2742566273,gpepperralljt@mapy.cz,42258179
715,Eustace,Westmore,Lindbergh,5489039106,ewestmoreju@google.pl,35277848
716,Kalie,Kumar,Fulton,9956249421,kkumarjv@shinystat.com,10008971
717,Gabby,Fitton,Sunfield,6736731933,gfittonjw@cloudflare.com,55333993
718,Perl,Bengefield,Melrose,1837040381,pbengefieldjx@barnesandnoble.com,54535497
719,Dana,Stolle,Canary,6082066393,dstollejy@hubpages.com,34267397
720,Maggie,Thulborn,Ridgeway,7458402392,mthulbornjz@dagondesign.com,96614519
721,Myrta,Basler,American,8257334412,mbaslerk0@upenn.edu,41767197
722,Roger,Fallow,Claremont,2515847003,rfallowk1@weibo.com,08199984
723,Napoleon,Coomer,Cambridge,6716288837,ncoomerk2@gnu.org,81463861
724,Zilvia,Richardt,Grover,6322380638,zrichardtk3@examiner.com,45053516
725,Brnaba,Mallock,Petterle,8749118560,bmallockk4@rakuten.co.jp,08012056
726,Leeland,Muskett,Maple,6414117036,lmuskettk5@imdb.com,78351718
727,Daryn,Meekings,Spenser,9675208184,dmeekingsk6@upenn.edu,00108622
728,Chickie,Pickrill,Brentwood,1847216194,cpickrillk7@jiathis.com,63773551
729,Terza,Wittrington,Steensland,3891885373,twittringtonk8@army.mil,92288532
730,Tailor,Suckling,Loomis,8468728907,tsucklingk9@wikispaces.com,21877435
731,Jasmine,Brownsett,Stang,4113564531,jbrownsettka@usda.gov,82498327
732,Carly,Cleife,Messerschmidt,6356176889,ccleifekb@gov.uk,20047235
733,Stillman,Rosengart,Esker,9179366696,srosengartkc@bandcamp.com,17887244
734,Frankie,Bartelot,Cherokee,6224507785,fbartelotkd@nytimes.com,70916479
735,Lettie,De Wolfe,Independence,1729080659,ldewolfeke@youtube.com,76656846
736,Dante,Merill,5th,8563479065,dmerillkf@vimeo.com,54601916
737,Marcus,Gowdie,Anderson,2257691065,mgowdiekg@networksolutions.com,44339955
738,Garner,Bunyan,Sunbrook,1328273907,gbunyankh@netvibes.com,79994719
739,Gaston,Millsap,Maryland,9257416551,gmillsapki@elegantthemes.com,29520797
740,Craggie,Harkes,Larry,9746828565,charkeskj@g.co,69119760
741,Tessi,Cowp,Commercial,3861829830,tcowpkk@wikimedia.org,91145484
742,Gale,Duplock,Green Ridge,4944764976,gduplockkl@flickr.com,66557592
743,Deanne,Kohnert,Fuller,9349103571,dkohnertkm@bizjournals.com,92978933
744,Felipe,Trebbett,Sunbrook,7458867329,ftrebbettkn@barnesandnoble.com,89813520
745,Wash,Pembridge,Brown,2963487897,wpembridgeko@google.com.br,85953291
746,Corabelle,Pasquale,Forest Dale,2022706077,cpasqualekp@hubpages.com,52793169
747,Vanya,McWhinnie,Bluejay,2486245252,vmcwhinniekq@sourceforge.net,14331202
748,Arda,Littledyke,Myrtle,5266517576,alittledykekr@cpanel.net,55011222
749,Emanuele,Crawforth,Thierer,6448556941,ecrawforthks@altervista.org,33658485
750,Karylin,Stilgoe,Monica,7899643167,kstilgoekt@sakura.ne.jp,39786921
751,Elaina,Drust,Warner,9977994319,edrustku@plala.or.jp,36737679
752,Gianni,MacAdie,Hallows,8843355052,gmacadiekv@drupal.org,83292055
753,Vanny,Witty,Rutledge,3331558421,vwittykw@indiatimes.com,64777002
754,Robena,Laugheran,Mendota,2594225571,rlaugherankx@yelp.com,14821025
755,Jennilee,Bashford,Fairview,6422545307,jbashfordky@ft.com,05612555
756,Elfie,Redborn,Kinsman,1395596544,eredbornkz@ibm.com,13252531
757,Sullivan,McAdam,Eastlawn,1581637883,smcadaml0@harvard.edu,02126627
758,Trina,Lenton,Donald,7293518457,tlentonl1@pbs.org,57916460
759,Enrica,Dobrowlski,Hoepker,4235547569,edobrowlskil2@toplist.cz,86924256
760,Denver,Le feaver,Maryland,7882863739,dlefeaverl3@fotki.com,82387365
761,Caitlin,Brezlaw,Magdeline,6539751237,cbrezlawl4@freewebs.com,30831193
762,Suzette,Timpany,Pennsylvania,4996752729,stimpanyl5@huffingtonpost.com,38393876
763,Nolie,Cummings,Eagle Crest,5149493713,ncummingsl6@shareasale.com,55794006
764,Orrin,Banbrick,Mayer,6816259149,obanbrickl7@mashable.com,61116743
765,Fremont,Badrock,Dixon,3096787983,fbadrockl8@webnode.com,35043439
766,Genevra,Pithcock,Moulton,1673698081,gpithcockl9@ox.ac.uk,62372118
767,Kali,Chessill,Morningstar,8246091434,kchessillla@java.com,77954615
768,Nannie,Jackett,Kedzie,5877394448,njackettlb@domainmarket.com,58829443
769,Anastasie,Tottman,Cascade,7516820818,atottmanlc@chron.com,52002309
770,Thayne,Bundey,Paget,8019859016,tbundeyld@is.gd,83325708
771,Terri,Lindl,Erie,8501589303,tlindlle@artisteer.com,94935754
772,Del,Mulqueeny,Vidon,8572749605,dmulqueenylf@accuweather.com,84158032
773,Carlyn,Fitt,Pierstorff,3136931094,cfittlg@cocolog-nifty.com,01896835
774,Anjela,Ashborn,Esker,9952810645,aashbornlh@plala.or.jp,29654432
775,Jereme,Pessold,Reindahl,6512345950,jpessoldli@webs.com,98793317
776,Ruth,Fairbank,Jana,7191598520,rfairbanklj@si.edu,57162847
777,Warden,Swindles,Hoard,5854215789,wswindleslk@aol.com,34298217
778,Kennith,Rosettini,Lakewood,2134804754,krosettinill@tripod.com,50163029
779,Garvy,Ortes,Arapahoe,4644897905,gorteslm@squidoo.com,97173637
780,Peri,Seary,Buena Vista,6327989272,psearyln@angelfire.com,86262118
781,Ana,Wodham,Bowman,2837962000,awodhamlo@newyorker.com,32856921
782,Emmie,Parslow,Reinke,2433539598,eparslowlp@webnode.com,16708819
783,D'arcy,Vida,Golf View,7036284618,dvidalq@rakuten.co.jp,73410737
784,Kerrill,March,Holy Cross,7964837113,kmarchlr@ifeng.com,31087822
785,Julianne,Postles,Bluestem,1298542980,jpostlesls@wp.com,98214558
786,Sydney,Points,Sugar,9448340037,spointslt@example.com,43680546
787,Barnard,Addey,Hayes,3242945229,baddeylu@macromedia.com,10959760
788,Hyatt,Kubacek,Arapahoe,5482857474,hkubaceklv@google.cn,08551825
789,Fanya,Heighton,Badeau,9585876470,fheightonlw@tuttocitta.it,06984138
790,Kore,Mardlin,Columbus,1757856008,kmardlinlx@youku.com,60233786
791,Torrance,Titchener,Shasta,3411655305,ttitchenerly@istockphoto.com,33254582
792,Nate,Wrankling,Forest Dale,2925719685,nwranklinglz@comsenz.com,90190818
793,Polly,Dorney,Summer Ridge,1484234438,pdorneym0@bigcartel.com,43571364
794,Nicola,Phelipeau,Daystar,9394777216,nphelipeaum1@macromedia.com,98291594
795,Gretal,Coenraets,Mccormick,3006700054,gcoenraetsm2@xrea.com,59006053
796,Ailene,Wiper,Alpine,3024143720,awiperm3@springer.com,79570697
797,Ivar,Minkin,Anderson,4233064042,iminkinm4@nbcnews.com,60118562
798,Phylys,Rubinfeld,Red Cloud,1845885182,prubinfeldm5@xing.com,45832477
799,Doralyn,Radleigh,3rd,5973335395,dradleighm6@walmart.com,91444524
800,Shurlocke,Flecknell,Anniversary,2719525604,sflecknellm7@accuweather.com,15255086
801,Evania,Willers,Maryland,6136428239,ewillersm8@youtu.be,39831153
802,Charmaine,Husset,Sauthoff,4277722564,chussetm9@cdbaby.com,45831324
803,Osbourn,Dericut,Sullivan,3112547555,odericutma@webeden.co.uk,28925371
804,Wally,Jarrad,Barby,2421205681,wjarradmb@hp.com,41708324
805,Ursa,Callinan,Schiller,3039690757,ucallinanmc@hp.com,54436073
806,Leona,Higford,Oak Valley,7227409880,lhigfordmd@live.com,26539493
807,Bord,Hulse,Eagan,3023232630,bhulseme@hatena.ne.jp,55264136
808,Willis,Matusson,Elka,6329443377,wmatussonmf@oakley.com,57398361
809,Anna-diane,Vinten,Spaight,1985665392,avintenmg@amazon.com,66931937
810,Dyanna,Rockwill,Brown,4094853088,drockwillmh@yellowbook.com,94498483
811,Ofelia,Goutcher,Bay,8756827957,ogoutchermi@google.de,57864542
812,Margaux,Mussilli,Dennis,5714472652,mmussillimj@ox.ac.uk,44576938
813,Nelson,Matyushenko,Spohn,8878444174,nmatyushenkomk@virginia.edu,66068482
814,Phil,Lefeuvre,Carberry,4743143314,plefeuvreml@house.gov,27833516
815,Fair,Fitzpayn,Hintze,4494166980,ffitzpaynmm@upenn.edu,50771807
816,Clemmy,Pollak,Northfield,9595757953,cpollakmn@jigsy.com,17583877
817,Denni,Gregor,Riverside,2278937208,dgregormo@constantcontact.com,10605517
818,Claiborn,Trent,Kipling,4029224627,ctrentmp@imageshack.us,12815712
819,Marrilee,Deshon,Artisan,2129537907,mdeshonmq@github.com,77429821
820,Reeba,Keming,Eliot,6174022402,rkemingmr@yahoo.co.jp,88437705
821,Nessa,Watson-Brown,Comanche,4324175112,nwatsonbrownms@multiply.com,19531693
822,Chrysa,Chipp,Morningstar,6039282774,cchippmt@hibu.com,97378325
823,Margie,Lermouth,Dottie,5168687420,mlermouthmu@wikimedia.org,83377132
824,Suzanna,Beartup,Blackbird,2824593163,sbeartupmv@phoca.cz,94444119
825,Wilbur,Hallows,Corry,2096018683,whallowsmw@t-online.de,19667633
826,Taite,Dealy,Loomis,1814658082,tdealymx@dailymail.co.uk,32689634
827,Roderick,Stoggles,Oxford,4476744826,rstogglesmy@blogger.com,86480541
828,Horatio,Fidgeon,Lake View,6267967891,hfidgeonmz@nps.gov,20613966
829,Bevan,Spinola,Service,6748376336,bspinolan0@apple.com,71344476
830,Lay,Scheffel,Evergreen,4324690498,lscheffeln1@hao123.com,27724543
831,Corrie,Chew,Knutson,3556757221,cchewn2@creativecommons.org,74676777
832,Cherise,Servis,Texas,2152631235,cservisn3@alibaba.com,50205661
833,Vikky,Bifield,Clarendon,3591272497,vbifieldn4@blogspot.com,40816471
834,Tyrone,Lamkin,Porter,9105954832,tlamkinn5@fc2.com,26359569
835,Westbrook,Charsley,Arapahoe,8134118197,wcharsleyn6@taobao.com,51150610
836,Phillipe,Bourdice,Myrtle,2515390150,pbourdicen7@usatoday.com,51012372
837,Elana,Foreman,Spenser,4772603870,eforemann8@cafepress.com,43857731
838,Jens,Hymers,Warrior,4047696654,jhymersn9@flickr.com,03406407
839,Frasco,Domb,Sachtjen,2375891052,fdombna@answers.com,94930020
840,Brier,Chessor,Shasta,8467698730,bchessornb@theglobeandmail.com,74048618
841,Corabelle,Kilbee,Paget,2853289672,ckilbeenc@salon.com,43359822
842,Eben,Gigg,Elmside,7008416036,egiggnd@smh.com.au,05824404
843,Keefer,Zisneros,Tennessee,1031753027,kzisnerosne@tinypic.com,56406476
844,Rosalinda,Bulgen,Warrior,6607861905,rbulgennf@vkontakte.ru,03379616
845,Belita,Mordey,Chive,8636128125,bmordeyng@ucla.edu,81267201
846,Lorelle,Pimmocke,Esch,6859827988,lpimmockenh@ycombinator.com,08646671
847,Ysabel,Island,Esch,9126730084,yislandni@netlog.com,17555221
848,Juana,Reap,Fulton,4594633993,jreapnj@1688.com,92021147
849,Doria,Drezzer,Sutteridge,6718885467,ddrezzernk@about.com,07781403
850,Grenville,Mewhirter,Crescent Oaks,7405304321,gmewhirternl@biglobe.ne.jp,08331599
851,Jakob,Verbruggen,Grayhawk,6362647752,jverbruggennm@newyorker.com,24091537
852,Shawn,Parnall,Macpherson,3903581929,sparnallnn@biglobe.ne.jp,75444286
853,Otho,Duce,Nova,4008272440,oduceno@berkeley.edu,25127633
854,Zelda,Hook,Meadow Vale,9852251208,zhooknp@vimeo.com,15890113
855,Wyatt,Swiffen,Spaight,3064482457,wswiffennq@deliciousdays.com,27874384
856,Dino,Benion,Forest,6846142486,dbenionnr@time.com,43012799
857,Garrik,Coda,Melby,8408106343,gcodans@reddit.com,78496724
858,Devora,Clearie,Merchant,2992528969,dclearient@example.com,11785372
859,Hestia,Lamont,Iowa,8361600313,hlamontnu@zimbio.com,05425329
860,Pat,Videneev,Southridge,9384235526,pvideneevnv@nhs.uk,44133241
861,Cheryl,Kuban,North,5372668929,ckubannw@shinystat.com,94207923
862,Lia,Schultz,Thompson,7601204585,lschultznx@indiatimes.com,04611333
863,Donnie,Pizey,Maywood,3016081094,dpizeyny@weibo.com,48568794
864,Willis,Tommasetti,Ruskin,8438081067,wtommasettinz@reuters.com,39088670
865,Rosana,Sheryn,Oriole,3042499300,rsheryno0@telegraph.co.uk,10275574
866,Fritz,Valerio,Fulton,4269704244,fvalerioo1@pagesperso-orange.fr,57704917
867,Klarrisa,Ladon,Lyons,7098104720,kladono2@sitemeter.com,42467998
868,Myrtice,Nice,Parkside,3165014158,mniceo3@deviantart.com,40823649
869,Read,Mixture,Blue Bill Park,9743211127,rmixtureo4@twitter.com,82634736
870,Katy,Streets,Algoma,4391422772,kstreetso5@smh.com.au,61785281
871,Filmore,Berntsson,Melody,2102593456,fberntssono6@indiegogo.com,86230510
872,Luke,Pevie,Crownhardt,6123979582,lpevieo7@simplemachines.org,58218398
873,Roselin,Osselton,Fuller,2275740678,rosseltono8@hibu.com,60133874
874,Winne,Davio,Sachtjen,6515686094,wdavioo9@digg.com,21933062
875,Colby,Pischof,Sunnyside,6587681208,cpischofoa@nih.gov,76497803
876,Kyla,Shiell,Anhalt,4469028727,kshiellob@printfriendly.com,97117886
877,Rosanne,Grattan,Pankratz,9826783265,rgrattanoc@yellowpages.com,03272762
878,Hagen,Stummeyer,Washington,1895002090,hstummeyerod@1und1.de,91158602
879,Nolana,Burk,Badeau,7782388254,nburkoe@gnu.org,25264620
880,Kaylee,Mugg,Blue Bill Park,3532288408,kmuggof@about.com,63243001
881,Jewel,Lief,Fair Oaks,5748864449,jliefog@last.fm,40978077
882,Ally,Seabrooke,Amoth,8498234484,aseabrookeoh@sourceforge.net,35802797
883,Maurizio,Ickowicz,Warner,8665915585,mickowiczoi@disqus.com,90915943
884,Kylie,Bentson,Walton,2117414579,kbentsonoj@phoca.cz,83118209
885,Anett,Pawlik,Barby,2504395193,apawlikok@wikia.com,07339419
886,Rory,Breitler,Monterey,3153072673,rbreitlerol@princeton.edu,28204780
887,Jaquelin,Djuricic,Oriole,3011000174,jdjuricicom@xinhuanet.com,78989182
888,Cecilio,Blackshaw,Eggendart,7475093506,cblackshawon@theguardian.com,75886124
889,Malcolm,Batters,Canary,6304290824,mbattersoo@webnode.com,59186515
890,Latisha,Plessing,Caliangt,6545278772,lplessingop@bloglines.com,77665543
891,Arv,Lombard,Sherman,2159081849,alombardoq@google.ca,07235363
892,Darrin,Dumelow,Hazelcrest,9582868256,ddumelowor@paginegialle.it,25556733
893,Pren,Blofield,Kings,3137118310,pblofieldos@miitbeian.gov.cn,11448009
894,Rogerio,O'Codihie,Schiller,4967020802,rocodihieot@seesaa.net,27065601
895,Anstice,Blazevic,Hoepker,5476269384,ablazevicou@over-blog.com,01162295
896,Fifi,Pittford,Center,4564680267,fpittfordov@dagondesign.com,14815165
897,Stanwood,Bygott,Briar Crest,9426042278,sbygottow@narod.ru,13707627
898,Kellina,Feehan,Scofield,5129915068,kfeehanox@jalbum.net,64295183
899,Andriana,Wilcockes,Fuller,9922948690,awilcockesoy@ehow.com,47833709
900,Judas,Dubber,Delladonna,4735327511,jdubberoz@youku.com,49828755
901,Ronna,Stutely,Starling,9383324523,rstutelyp0@telegraph.co.uk,69275677
902,Florian,Jermin,Dorton,5046868845,fjerminp1@blog.com,25779871
903,Flynn,Dackombe,Shelley,2746983955,fdackombep2@noaa.gov,80192593
904,Roseanne,Klimentyev,Homewood,1082965231,rklimentyevp3@drupal.org,56767151
905,Merralee,Bussy,Paget,6006459117,mbussyp4@cbc.ca,72198565
906,Suellen,McClymond,Emmet,6384466702,smcclymondp5@reverbnation.com,36680673
907,August,Ruane,Old Gate,5954087989,aruanep6@topsy.com,61891620
908,Efrem,Gorries,Trailsway,9124575943,egorriesp7@reuters.com,61754894
909,Normy,Groucutt,Lukken,7756681586,ngroucuttp8@seattletimes.com,37443602
910,Vachel,O' Timony,Farwell,1814809773,votimonyp9@accuweather.com,20865686
911,Andros,Powlesland,Mendota,5566916359,apowleslandpa@cornell.edu,23946725
912,Torrance,Stribbling,Rowland,6659312206,tstribblingpb@themeforest.net,08507501
913,Darcie,Jasiak,Reinke,2338122116,djasiakpc@over-blog.com,21805293
914,Ross,Leteurtre,Laurel,3264172402,rleteurtrepd@state.tx.us,47270250
915,Ariella,Delacour,Novick,8208652787,adelacourpe@blogtalkradio.com,98335796
916,Nanci,Garrison,Bellgrove,4719812619,ngarrisonpf@dell.com,83468617
917,Loleta,Truesdale,Forest Dale,2238838801,ltruesdalepg@cyberchimps.com,62669529
918,Gusti,Bice,Summer Ridge,3215348175,gbiceph@tamu.edu,49250028
919,Ringo,Yokelman,Dahle,3633208384,ryokelmanpi@spiegel.de,60174915
920,Carlina,Benasik,Linden,2845909249,cbenasikpj@virginia.edu,55332386
921,Elianore,Littlefield,Green,6316142490,elittlefieldpk@csmonitor.com,30693754
922,Meyer,Colledge,6th,4895816294,mcolledgepl@blinklist.com,02464716
923,Berton,Elverston,Commercial,5596911634,belverstonpm@bravesites.com,57116743
924,Valera,Kless,Calypso,2365376367,vklesspn@guardian.co.uk,07215302
925,Gradeigh,Ovanesian,Magdeline,9555690156,govanesianpo@qq.com,64271550
926,Allin,Banbridge,Mccormick,8881598331,abanbridgepp@oaic.gov.au,53843318
927,Ninetta,Capozzi,Marcy,4323850784,ncapozzipq@apple.com,81978169
928,Teodoro,Walcar,Norway Maple,6908631614,twalcarpr@nytimes.com,24894296
929,Kaycee,Exley,Katie,5787787586,kexleyps@addthis.com,27165423
930,Robby,Petrello,Park Meadow,5146457771,rpetrellopt@artisteer.com,30256072
931,Iver,Dilnot,Monument,8132237897,idilnotpu@theglobeandmail.com,94112178
932,Caressa,Scryne,Kensington,2836259925,cscrynepv@amazon.co.uk,71044614
933,Saxe,Ashwin,Ronald Regan,6467490328,sashwinpw@tamu.edu,59712371
934,Kaitlynn,Arkle,Golf View,4043395437,karklepx@gizmodo.com,00667602
935,Markus,Bougen,Arizona,9939050848,mbougenpy@npr.org,47596424
936,Madeline,Kerley,Mallard,2108514188,mkerleypz@icq.com,63920587
937,Neil,De Blasio,Toban,6722914876,ndeblasioq0@google.com.br,74798459
938,Lezlie,Brattan,Calypso,6855876634,lbrattanq1@economist.com,56146084
939,Sigrid,Fredy,Cottonwood,1692444228,sfredyq2@psu.edu,50237247
940,Darcie,Starbuck,Leroy,1686036824,dstarbuckq3@geocities.jp,64000787
941,Marina,Leyson,Quincy,2747319638,mleysonq4@google.com.br,20041812
942,Jarib,Stolberger,Dawn,7506634318,jstolbergerq5@senate.gov,60077878
943,Kellie,Bleibaum,Everett,6951062620,kbleibaumq6@harvard.edu,11701903
944,Rozina,Statton,Bartelt,2356952346,rstattonq7@pinterest.com,22740313
945,Susanetta,Arstingall,Havey,1786379522,sarstingallq8@cbsnews.com,15492203
946,Jerrome,Werlock,Merchant,6032948599,jwerlockq9@flavors.me,66778140
947,Brig,Loynes,Express,3462470279,bloynesqa@mail.ru,11484293
948,Orazio,Baldack,Fisk,6224511371,obaldackqb@icq.com,87775877
949,Sheelagh,Agney,Anderson,3654771954,sagneyqc@state.gov,50317921
950,Barth,Shardlow,American Ash,7823280962,bshardlowqd@ox.ac.uk,93356530
951,Kelcie,Swaden,Waywood,7172011342,kswadenqe@cafepress.com,23541321
952,Tamarra,Sandiland,Nancy,7455793630,tsandilandqf@elpais.com,62142355
953,D'arcy,Thwaites,Northview,1995611219,dthwaitesqg@privacy.gov.au,52769137
954,Stevana,Sanja,Starling,9977112445,ssanjaqh@mac.com,75646852
955,Helaina,Snibson,Fordem,9187097560,hsnibsonqi@census.gov,77612400
956,Rafa,Jeynes,Declaration,3762845512,rjeynesqj@jugem.jp,59369682
957,Osbourne,Scrafton,Longview,9092209898,oscraftonqk@mit.edu,52490527
958,Darnall,Warlawe,Union,2437669982,dwarlaweql@gnu.org,97512680
959,Roosevelt,Orrobin,Huxley,6267613176,rorrobinqm@wikia.com,81411943
960,Celia,Chinery,Randy,9835528692,cchineryqn@prweb.com,46965149
961,Wainwright,Fermoy,Upham,3584481608,wfermoyqo@canalblog.com,67448477
962,Leroy,Fodden,Monument,9559773267,lfoddenqp@altervista.org,07142951
963,Cicily,Aymerich,David,4371175187,caymerichqq@goo.gl,01840893
964,Dennison,Sirkett,Farragut,8691742184,dsirkettqr@stanford.edu,42570870
965,Roxana,McIlory,Vahlen,3607511943,rmciloryqs@biblegateway.com,01855713
966,Kinsley,Alesio,Montana,5304525862,kalesioqt@baidu.com,71522499
967,Bartel,Darlison,Knutson,7898225079,bdarlisonqu@ocn.ne.jp,26841617
968,Godfree,Fruish,Heffernan,2866916892,gfruishqv@dyndns.org,20754503
969,Diana,Bradberry,Kropf,6105452530,dbradberryqw@ox.ac.uk,70224959
970,Hortensia,Maskrey,Swallow,7126820529,hmaskreyqx@canalblog.com,98565446
971,Barron,Bulloch,Dixon,9632779456,bbullochqy@apache.org,16443701
972,Stefan,Balcock,Elmside,3989681160,sbalcockqz@wordpress.org,72627982
973,Maude,Karlolak,Fair Oaks,5315195159,mkarlolakr0@unblog.fr,59644742
974,Melanie,Jent,Londonderry,6128052905,mjentr1@amazonaws.com,55838883
975,Craggie,Sarge,Mosinee,3453143298,csarger2@de.vu,03702038
976,Chalmers,Chipp,Bayside,6457594726,cchippr3@ocn.ne.jp,87010649
977,Reagen,Lenney,Continental,6697896171,rlenneyr4@va.gov,32184775
978,Dennie,Francom,New Castle,5816521068,dfrancomr5@biblegateway.com,17119686
979,Anthia,Kardos-Stowe,Heffernan,5564465376,akardosstower6@rambler.ru,79350829
980,Bogart,Plaunch,Sunbrook,5319619052,bplaunchr7@example.com,91070666
981,Michail,Letessier,Straubel,1699732011,mletessierr8@dailymotion.com,97075856
982,Waring,Renols,Petterle,1374529588,wrenolsr9@webmd.com,35077435
983,Melody,Dilrew,Mallory,2414500896,mdilrewra@mit.edu,71645398
984,Jany,Spurway,Dovetail,6247297533,jspurwayrb@apple.com,21513574
985,Etienne,Lemarie,Burning Wood,6049274861,elemarierc@unesco.org,63993612
986,Jackelyn,Greensall,Pepper Wood,4035955974,jgreensallrd@japanpost.jp,39968113
987,Mei,Tourner,Anhalt,5495477364,mtournerre@miibeian.gov.cn,64633717
988,Giacobo,Clutten,Quincy,6528900645,gcluttenrf@newyorker.com,42944574
989,Gallagher,Lindback,Golden Leaf,6294408308,glindbackrg@ehow.com,70548282
990,Ewart,Hargreave,Gale,1995419497,ehargreaverh@google.it,65581530
991,Albie,Scones,Vahlen,2124856707,asconesri@irs.gov,00948925
992,Amalita,Rendall,Ridgeview,2015395837,arendallrj@howstuffworks.com,42741524
993,Leonelle,Arkell,Merry,6323299350,larkellrk@baidu.com,52083413
994,Alyssa,Mumbey,Luster,6138436715,amumbeyrl@com.com,16932310
995,Lin,Menicomb,Meadow Vale,9142182782,lmenicombrm@quantcast.com,37446484
996,Tabatha,Jeannequin,Marquette,9929427768,tjeannequinrn@microsoft.com,71471925
997,Damon,Farndon,Hovde,3744784343,dfarndonro@typepad.com,76470971
998,Tyson,Spere,Morrow,3711419074,tspererp@bbb.org,95882350
999,Stanly,Passo,Quincy,5534368455,spassorq@spotify.com,86058332
1000,Irving,Ghelerdini,Summit,3834094771,ighelerdinirr@amazon.de,53593541
1001,nombre,apellido,direccion,telefono,email,10003663
1002,nombre,apellido,direccion,telefono,email,10016646
1003,Gilbert,Huarcaya,CalleLosCiprecesMz.ALt.29,932400537,gilberthuarcaya@gmail.com,74535181
